configuration,metric,metric_label,metric_index,pillar,seed_1_value,seed_2_value,raw_seed_gap,v0_min,v0_max,v0_range,normalized_seed_gap
C_10,distributional.wasserstein,Wasserstein distance,0,Distributional,0.414539,0.488466,0.07392700000000002,0.304218,0.69937,0.39515200000000006,0.18708496983439288
V0_I_0,distributional.wasserstein,Wasserstein distance,0,Distributional,0.480651,0.661727,0.18107599999999996,0.304218,0.69937,0.39515200000000006,0.4582439162651332
V0_T_1,distributional.wasserstein,Wasserstein distance,0,Distributional,0.268105,0.57384,0.30573500000000003,0.304218,0.69937,0.39515200000000006,0.7737149248896626
D_MZIP_1,distributional.wasserstein,Wasserstein distance,0,Distributional,0.395593,0.39854,0.002947000000000033,0.304218,0.69937,0.39515200000000006,0.007457889622221404
D_IP_1,distributional.wasserstein,Wasserstein distance,0,Distributional,0.498497,0.434689,0.06380800000000003,0.304218,0.69937,0.39515200000000006,0.1614771024820829
D_MTP_1,distributional.wasserstein,Wasserstein distance,0,Distributional,0.419605,0.455036,0.03543099999999999,0.304218,0.69937,0.39515200000000006,0.0896642304733368
D_MT_1,distributional.wasserstein,Wasserstein distance,0,Distributional,1.248268,1.508355,0.26008699999999996,0.304218,0.69937,0.39515200000000006,0.6581948212333479
D_MTC_1,distributional.wasserstein,Wasserstein distance,0,Distributional,1.196447,0.741807,0.45464000000000004,0.304218,0.69937,0.39515200000000006,1.1505446005587723
C_10,distributional.ks_stat,KS statistic,1,Distributional,0.064228,0.100196,0.035968,0.090341,0.148242,0.05790100000000001,0.6211982521890813
V0_I_0,distributional.ks_stat,KS statistic,1,Distributional,0.085173,0.087324,0.002151,0.090341,0.148242,0.05790100000000001,0.03714961745047581
V0_T_1,distributional.ks_stat,KS statistic,1,Distributional,0.04294,0.083884,0.040944,0.090341,0.148242,0.05790100000000001,0.7071380459750263
D_MZIP_1,distributional.ks_stat,KS statistic,1,Distributional,0.090838,0.112955,0.022116999999999998,0.090341,0.148242,0.05790100000000001,0.38197958584480396
D_IP_1,distributional.ks_stat,KS statistic,1,Distributional,0.085442,0.090834,0.005391999999999994,0.090341,0.148242,0.05790100000000001,0.09312447107994669
D_MTP_1,distributional.ks_stat,KS statistic,1,Distributional,0.118344,0.093247,0.025097000000000008,0.090341,0.148242,0.05790100000000001,0.4334467453066442
D_MT_1,distributional.ks_stat,KS statistic,1,Distributional,0.154192,0.182956,0.028764000000000012,0.090341,0.148242,0.05790100000000001,0.4967789848189152
D_MTC_1,distributional.ks_stat,KS statistic,1,Distributional,0.135329,0.112265,0.023064,0.090341,0.148242,0.05790100000000001,0.3983350892039861
C_10,probabilistic.crps_mean,CRPS,2,Probabilistic,0.888114,0.917511,0.029397000000000006,0.885074,0.984679,0.09960499999999994,0.2951357863561069
V0_I_0,probabilistic.crps_mean,CRPS,2,Probabilistic,0.891277,0.949425,0.05814799999999998,0.885074,0.984679,0.09960499999999994,0.5837859545203555
V0_T_1,probabilistic.crps_mean,CRPS,2,Probabilistic,0.870516,0.93404,0.06352400000000002,0.885074,0.984679,0.09960499999999994,0.6377591486371172
D_MZIP_1,probabilistic.crps_mean,CRPS,2,Probabilistic,0.889042,0.925265,0.036223000000000005,0.885074,0.984679,0.09960499999999994,0.36366648260629514
D_IP_1,probabilistic.crps_mean,CRPS,2,Probabilistic,0.920705,0.894841,0.025863999999999998,0.885074,0.984679,0.09960499999999994,0.2596656794337635
D_MTP_1,probabilistic.crps_mean,CRPS,2,Probabilistic,0.921863,0.906127,0.015735999999999972,0.885074,0.984679,0.09960499999999994,0.15798403694593627
D_MT_1,probabilistic.crps_mean,CRPS,2,Probabilistic,1.770419,1.825387,0.05496800000000013,0.885074,0.984679,0.09960499999999994,0.5518598463932549
D_MTC_1,probabilistic.crps_mean,CRPS,2,Probabilistic,1.682172,1.562658,0.1195139999999999,0.885074,0.984679,0.09960499999999994,1.1998795241202747
C_10,probabilistic.pit_ks_D,PIT KS statistic,3,Probabilistic,0.054034,0.067533,0.013498999999999997,0.074564,0.123016,0.048451999999999995,0.27860563031453806
V0_I_0,probabilistic.pit_ks_D,PIT KS statistic,3,Probabilistic,0.054691,0.091331,0.03664,0.074564,0.123016,0.048451999999999995,0.7562123338561876
V0_T_1,probabilistic.pit_ks_D,PIT KS statistic,3,Probabilistic,0.062274,0.075406,0.013131999999999998,0.074564,0.123016,0.048451999999999995,0.27103112358622966
D_MZIP_1,probabilistic.pit_ks_D,PIT KS statistic,3,Probabilistic,0.050337,0.043118,0.007219000000000003,0.074564,0.123016,0.048451999999999995,0.1489928176339471
D_IP_1,probabilistic.pit_ks_D,PIT KS statistic,3,Probabilistic,0.064994,0.059906,0.005087999999999995,0.074564,0.123016,0.048451999999999995,0.10501114505077182
D_MTP_1,probabilistic.pit_ks_D,PIT KS statistic,3,Probabilistic,0.054566,0.083531,0.02896499999999999,0.074564,0.123016,0.048451999999999995,0.5978081400148599
D_MT_1,probabilistic.pit_ks_D,PIT KS statistic,3,Probabilistic,0.171619,0.20284,0.031221,0.074564,0.123016,0.048451999999999995,0.6443696854619004
D_MTC_1,probabilistic.pit_ks_D,PIT KS statistic,3,Probabilistic,0.126398,0.052066,0.07433200000000001,0.074564,0.123016,0.048451999999999995,1.5341368777346656
C_10,scale.iss_primary,Integrated skill score,4,Scale,0.467515,0.487233,0.019718000000000013,0.470184,0.493738,0.02355400000000002,0.8371401885030142
V0_I_0,scale.iss_primary,Integrated skill score,4,Scale,0.485777,0.480187,0.005590000000000039,0.470184,0.493738,0.02355400000000002,0.23732699329201132
V0_T_1,scale.iss_primary,Integrated skill score,4,Scale,0.479725,0.489717,0.009992000000000001,0.470184,0.493738,0.02355400000000002,0.42421669355523445
D_MZIP_1,scale.iss_primary,Integrated skill score,4,Scale,0.476036,0.466733,0.009303000000000006,0.470184,0.493738,0.02355400000000002,0.39496476182389395
D_IP_1,scale.iss_primary,Integrated skill score,4,Scale,0.479684,0.493727,0.014043000000000028,0.470184,0.493738,0.02355400000000002,0.596204466332683
D_MTP_1,scale.iss_primary,Integrated skill score,4,Scale,0.483254,0.495381,0.012126999999999999,0.470184,0.493738,0.02355400000000002,0.5148594718519143
D_MT_1,scale.iss_primary,Integrated skill score,4,Scale,0.177438,0.199753,0.022314999999999974,0.470184,0.493738,0.02355400000000002,0.9473974696442199
D_MTC_1,scale.iss_primary,Integrated skill score,4,Scale,0.228055,0.215718,0.012337000000000015,0.470184,0.493738,0.02355400000000002,0.5237751549630638
C_10,scale.slope_low,Low-scale PSD slope,5,Scale,-2.449774,-2.388357,0.061417000000000055,-2.705333,-2.243351,0.4619819999999999,0.13294240901160667
V0_I_0,scale.slope_low,Low-scale PSD slope,5,Scale,-2.701628,-2.43376,0.267868,-2.705333,-2.243351,0.4619819999999999,0.5798234563251383
V0_T_1,scale.slope_low,Low-scale PSD slope,5,Scale,-2.451497,-2.617861,0.16636400000000018,-2.705333,-2.243351,0.4619819999999999,0.36010926832647205
D_MZIP_1,scale.slope_low,Low-scale PSD slope,5,Scale,-2.618444,-2.115343,0.503101,-2.705333,-2.243351,0.4619819999999999,1.0890056322540709
D_IP_1,scale.slope_low,Low-scale PSD slope,5,Scale,-2.326312,-2.449965,0.12365300000000001,-2.705333,-2.243351,0.4619819999999999,0.2676576143659278
D_MTP_1,scale.slope_low,Low-scale PSD slope,5,Scale,-2.180977,-2.388983,0.20800600000000014,-2.705333,-2.243351,0.4619819999999999,0.450246979319541
D_MT_1,scale.slope_low,Low-scale PSD slope,5,Scale,-2.425852,-2.054207,0.371645,-2.705333,-2.243351,0.4619819999999999,0.8044577494361254
D_MTC_1,scale.slope_low,Low-scale PSD slope,5,Scale,-2.162255,-2.308305,0.1460499999999998,-2.705333,-2.243351,0.4619819999999999,0.31613785818495055
C_10,scale.slope_mid,Mid-scale PSD slope,6,Scale,-2.397652,-2.325458,0.07219400000000009,-2.506285,-2.390394,0.11589099999999997,0.6229474247353126
V0_I_0,scale.slope_mid,Mid-scale PSD slope,6,Scale,-2.539683,-2.42461,0.1150730000000002,-2.506285,-2.390394,0.11589099999999997,0.9929416434408215
V0_T_1,scale.slope_mid,Mid-scale PSD slope,6,Scale,-2.423153,-2.479673,0.056519999999999904,-2.506285,-2.390394,0.11589099999999997,0.4876996488079309
D_MZIP_1,scale.slope_mid,Mid-scale PSD slope,6,Scale,-2.499628,-2.505777,0.006149000000000182,-2.506285,-2.390394,0.11589099999999997,0.05305847736235069
D_IP_1,scale.slope_mid,Mid-scale PSD slope,6,Scale,-2.297294,-2.280266,0.01702799999999982,-2.506285,-2.390394,0.11589099999999997,0.14693116808034987
D_MTP_1,scale.slope_mid,Mid-scale PSD slope,6,Scale,-2.302775,-2.388703,0.085928,-2.506285,-2.390394,0.11589099999999997,0.7414553330284493
D_MT_1,scale.slope_mid,Mid-scale PSD slope,6,Scale,-2.459229,-2.312534,0.14669500000000024,-2.506285,-2.390394,0.11589099999999997,1.265801485878975
D_MTC_1,scale.slope_mid,Mid-scale PSD slope,6,Scale,-2.192445,-2.482662,0.2902169999999997,-2.506285,-2.390394,0.11589099999999997,2.504223796498432
C_10,scale.slope_high,High-scale PSD slope,7,Scale,-5.028688,-4.814185,0.21450299999999967,-5.024928,-4.830431,0.19449700000000014,1.1028601983578128
V0_I_0,scale.slope_high,High-scale PSD slope,7,Scale,-5.113706,-4.935093,0.17861299999999947,-5.024928,-4.830431,0.19449700000000014,0.9183329305850442
V0_T_1,scale.slope_high,High-scale PSD slope,7,Scale,-5.044308,-4.800266,0.24404200000000031,-5.024928,-4.830431,0.19449700000000014,1.2547340061800447
D_MZIP_1,scale.slope_high,High-scale PSD slope,7,Scale,-4.920698,-4.956399,0.03570100000000043,-5.024928,-4.830431,0.19449700000000014,0.18355553041949438
D_IP_1,scale.slope_high,High-scale PSD slope,7,Scale,-5.01792,-4.619493,0.39842699999999986,-5.024928,-4.830431,0.19449700000000014,2.0484994627166464
D_MTP_1,scale.slope_high,High-scale PSD slope,7,Scale,-4.782009,-4.941983,0.15997399999999917,-5.024928,-4.830431,0.19449700000000014,0.8225011182691715
D_MT_1,scale.slope_high,High-scale PSD slope,7,Scale,-4.838292,-4.580347,0.2579450000000003,-5.024928,-4.830431,0.19449700000000014,1.3262158285217773
D_MTC_1,scale.slope_high,High-scale PSD slope,7,Scale,-4.764982,-4.917605,0.15262300000000018,-5.024928,-4.830431,0.19449700000000014,0.7847061908409901
C_10,scale.corr_gen_lr_low,Low-scale GEN–LR correlation,8,Scale,0.7012,0.694361,0.0068390000000000395,0.7168,0.72245,0.005650000000000044,1.2104424778761038
V0_I_0,scale.corr_gen_lr_low,Low-scale GEN–LR correlation,8,Scale,0.748935,0.716741,0.032194000000000056,0.7168,0.72245,0.005650000000000044,5.698053097345098
V0_T_1,scale.corr_gen_lr_low,Low-scale GEN–LR correlation,8,Scale,0.693062,0.720264,0.02720200000000006,0.7168,0.72245,0.005650000000000044,4.814513274336257
D_MZIP_1,scale.corr_gen_lr_low,Low-scale GEN–LR correlation,8,Scale,0.728919,0.690948,0.03797099999999998,0.7168,0.72245,0.005650000000000044,6.720530973451271
D_IP_1,scale.corr_gen_lr_low,Low-scale GEN–LR correlation,8,Scale,0.671677,0.684677,0.013000000000000012,0.7168,0.72245,0.005650000000000044,2.3008849557521964
D_MTP_1,scale.corr_gen_lr_low,Low-scale GEN–LR correlation,8,Scale,0.662863,0.660292,0.00257099999999999,0.7168,0.72245,0.005650000000000044,0.4550442477876053
C_10,scale.corr_gen_lr_mid,Mid-scale GEN–LR correlation,9,Scale,0.448199,0.430697,0.017502000000000018,0.414329,0.447959,0.03362999999999999,0.5204281891168606
V0_I_0,scale.corr_gen_lr_mid,Mid-scale GEN–LR correlation,9,Scale,0.482472,0.437109,0.04536299999999999,0.414329,0.447959,0.03362999999999999,1.3488849241748437
V0_T_1,scale.corr_gen_lr_mid,Mid-scale GEN–LR correlation,9,Scale,0.441072,0.438212,0.002860000000000029,0.414329,0.447959,0.03362999999999999,0.08504311626524025
D_MZIP_1,scale.corr_gen_lr_mid,Mid-scale GEN–LR correlation,9,Scale,0.469986,0.37284,0.09714600000000001,0.414329,0.447959,0.03362999999999999,2.888670829616415
D_IP_1,scale.corr_gen_lr_mid,Mid-scale GEN–LR correlation,9,Scale,0.398156,0.402217,0.004060999999999981,0.414329,0.447959,0.03362999999999999,0.12075527802557187
D_MTP_1,scale.corr_gen_lr_mid,Mid-scale GEN–LR correlation,9,Scale,0.355324,0.387958,0.03263400000000005,0.414329,0.447959,0.03362999999999999,0.9703835860838554
C_10,scale.corr_gen_lr_high,High-scale GEN–LR correlation,10,Scale,0.443149,0.43038,0.01276900000000003,0.405558,0.444277,0.038719,0.3297864097729804
V0_I_0,scale.corr_gen_lr_high,High-scale GEN–LR correlation,10,Scale,0.474622,0.438532,0.03609000000000001,0.405558,0.444277,0.038719,0.9321005191249776
V0_T_1,scale.corr_gen_lr_high,High-scale GEN–LR correlation,10,Scale,0.438732,0.44628,0.007547999999999999,0.405558,0.444277,0.038719,0.19494305121516564
D_MZIP_1,scale.corr_gen_lr_high,High-scale GEN–LR correlation,10,Scale,0.467805,0.380327,0.087478,0.405558,0.444277,0.038719,2.2593042175676024
D_IP_1,scale.corr_gen_lr_high,High-scale GEN–LR correlation,10,Scale,0.379585,0.406306,0.026720999999999995,0.405558,0.444277,0.038719,0.6901262945840542
D_MTP_1,scale.corr_gen_lr_high,High-scale GEN–LR correlation,10,Scale,0.332083,0.386759,0.054676,0.405558,0.444277,0.038719,1.4121232469846845
C_10,extremes.p99,99th percentile,11,Extremes,18.12684,16.452767,1.674073,15.558607,17.157748,1.5991410000000013,1.0468576567044423
V0_I_0,extremes.p99,99th percentile,11,Extremes,16.182648,15.556733,0.6259150000000009,15.558607,17.157748,1.5991410000000013,0.39140701163937414
V0_T_1,extremes.p99,99th percentile,11,Extremes,18.782475,15.822845,2.9596300000000024,15.558607,17.157748,1.5991410000000013,1.8507623780517166
D_MZIP_1,extremes.p99,99th percentile,11,Extremes,16.455983,19.068298,2.612314999999999,15.558607,17.157748,1.5991410000000013,1.6335738999875538
D_IP_1,extremes.p99,99th percentile,11,Extremes,18.003292,16.902622,1.1006699999999974,15.558607,17.157748,1.5991410000000013,0.6882882747675136
D_MTP_1,extremes.p99,99th percentile,11,Extremes,18.442025,17.600627,0.8413980000000016,15.558607,17.157748,1.5991410000000013,0.5261562301260495
D_MT_1,extremes.p99,99th percentile,11,Extremes,13.695768,11.014173,2.6815949999999997,15.558607,17.157748,1.5991410000000013,1.6768971591623238
D_MTC_1,extremes.p99,99th percentile,11,Extremes,13.706268,15.210869,1.504601000000001,15.558607,17.157748,1.5991410000000013,0.9408807603582172
C_10,extremes.p99_9,99.9th percentile,12,Extremes,36.632552,33.642471,2.9900809999999964,32.462996,34.790453,2.3274570000000026,1.284698707645294
V0_I_0,extremes.p99_9,99.9th percentile,12,Extremes,30.889881,31.093652,0.2037709999999997,32.462996,34.790453,2.3274570000000026,0.08755091930806863
V0_T_1,extremes.p99_9,99.9th percentile,12,Extremes,37.782462,30.446239,7.336223000000004,32.462996,34.790453,2.3274570000000026,3.152033743265717
D_MZIP_1,extremes.p99_9,99.9th percentile,12,Extremes,31.382185,43.72443,12.342244999999998,32.462996,34.790453,2.3274570000000026,5.30288851738184
D_IP_1,extremes.p99_9,99.9th percentile,12,Extremes,37.734157,33.817054,3.9171030000000044,32.462996,34.790453,2.3274570000000026,1.6829969361410329
D_MTP_1,extremes.p99_9,99.9th percentile,12,Extremes,40.795814,36.529149,4.266665000000003,32.462996,34.790453,2.3274570000000026,1.8331874659768144
D_MT_1,extremes.p99_9,99.9th percentile,12,Extremes,28.448523,26.440787,2.0077360000000013,32.462996,34.790453,2.3274570000000026,0.8626307596660213
D_MTC_1,extremes.p99_9,99.9th percentile,12,Extremes,32.416836,33.103337,0.6865009999999998,32.462996,34.790453,2.3274570000000026,0.2949575437913564
C_10,extremes.rx1day,RX1day,13,Extremes,15.809925,14.167259,1.6426660000000002,12.986301,15.926578,2.940277,0.5586772946902623
V0_I_0,extremes.rx1day,RX1day,13,Extremes,15.100971,14.19161,0.9093609999999988,12.986301,15.926578,2.940277,0.30927732319097784
V0_T_1,extremes.rx1day,RX1day,13,Extremes,16.32861,15.504332,0.8242780000000014,12.986301,15.926578,2.940277,0.28034025365637366
D_MZIP_1,extremes.rx1day,RX1day,13,Extremes,14.80682,15.175162,0.36834200000000017,12.986301,15.926578,2.940277,0.1252745914755651
D_IP_1,extremes.rx1day,RX1day,13,Extremes,16.121795,14.994381,1.1274139999999981,12.986301,15.926578,2.940277,0.38343802301619817
D_MTP_1,extremes.rx1day,RX1day,13,Extremes,14.837589,15.558085,0.7204960000000007,12.986301,15.926578,2.940277,0.24504357922739955
D_MT_1,extremes.rx1day,RX1day,13,Extremes,9450.884876,10.150047,9440.734829,12.986301,15.926578,2.940277,3210.8317784344813
D_MTC_1,extremes.rx1day,RX1day,13,Extremes,3114.644009,14.244108,3100.399901,12.986301,15.926578,2.940277,1054.4584408203718
C_10,extremes.rx5day,RX5day,14,Extremes,36.387953,32.710006,3.677947000000003,29.380961,36.881841,7.500880000000002,0.49033540064632447
V0_I_0,extremes.rx5day,RX5day,14,Extremes,34.481524,31.151454,3.330069999999999,29.380961,36.881841,7.500880000000002,0.44395724235023065
V0_T_1,extremes.rx5day,RX5day,14,Extremes,37.76451,32.509025,5.255485,29.380961,36.881841,7.500880000000002,0.7006491238361364
D_MZIP_1,extremes.rx5day,RX5day,14,Extremes,35.56042,34.839843,0.7205769999999987,29.380961,36.881841,7.500880000000002,0.09606566162903532
D_IP_1,extremes.rx5day,RX5day,14,Extremes,34.20122,34.368233,0.1670129999999972,29.380961,36.881841,7.500880000000002,0.02226578748093519
D_MTP_1,extremes.rx5day,RX5day,14,Extremes,34.861668,35.534356,0.6726880000000008,29.380961,36.881841,7.500880000000002,0.08968121073794016
D_MT_1,extremes.rx5day,RX5day,14,Extremes,55.101544,2751.258898,2696.157354,29.380961,36.881841,7.500880000000002,359.4454722645875
D_MTC_1,extremes.rx5day,RX5day,14,Extremes,25.953838,30.317978,4.364139999999999,29.380961,36.881841,7.500880000000002,0.5818170667974955
C_10,features.gen_ens_SAL,SAL,15,Features,0.3658305106334798,0.3016603341753232,0.06417017645815665,0.3691865243658537,0.4202745914058881,0.05108806704003438,1.256069766896263
V0_I_0,features.gen_ens_SAL,SAL,15,Features,0.3223549067031968,0.3811517414485337,0.05879683474533692,0.3691865243658537,0.4202745914058881,0.05108806704003438,1.150891747367574
V0_T_1,features.gen_ens_SAL,SAL,15,Features,0.28562947615878825,0.37020380116947826,0.08457432501069001,0.3691865243658537,0.4202745914058881,0.05108806704003438,1.655461439643325
D_MZIP_1,features.gen_ens_SAL,SAL,15,Features,0.2818632299750625,0.38237279548258785,0.10050956550752532,0.3691865243658537,0.4202745914058881,0.05108806704003438,1.9673785157845676
D_IP_1,features.gen_ens_SAL,SAL,15,Features,0.34747006441973305,0.3733122665393666,0.02584220211963356,0.3691865243658537,0.4202745914058881,0.05108806704003438,0.5058363648674106
D_MTP_1,features.gen_ens_SAL,SAL,15,Features,0.28907334802864704,0.35078123304942016,0.06170788502077312,0.3691865243658537,0.4202745914058881,0.05108806704003438,1.2078727694358975
D_MT_1,features.gen_ens_SAL,SAL,15,Features,0.8074713160942946,1.0435786587337084,0.2361073426394138,0.3691865243658537,0.4202745914058881,0.05108806704003438,4.621575180254753
D_MTC_1,features.gen_ens_SAL,SAL,15,Features,0.7704662010570638,0.5761229104355421,0.19434329062152167,0.3691865243658537,0.4202745914058881,0.05108806704003438,3.804083847392925
C_10,climatological.annual_sum_mean,Mean annual precipitation,16,Climatological,729.3935546875,700.9620361328125,28.4315185546875,625.8766479492188,771.1617431640625,145.28509521484375,0.19569466855938472
V0_I_0,climatological.annual_sum_mean,Mean annual precipitation,16,Climatological,704.247802734375,636.4241943359375,67.8236083984375,625.8766479492188,771.1617431640625,145.28509521484375,0.4668311522124258
V0_T_1,climatological.annual_sum_mean,Mean annual precipitation,16,Climatological,782.7293701171875,670.7808837890625,111.948486328125,625.8766479492188,771.1617431640625,145.28509521484375,0.7705435038782096
D_MZIP_1,climatological.annual_sum_mean,Mean annual precipitation,16,Climatological,737.80419921875,749.27001953125,11.4658203125,625.8766479492188,771.1617431640625,145.28509521484375,0.07891945347555886
D_IP_1,climatological.annual_sum_mean,Mean annual precipitation,16,Climatological,699.3543701171875,720.78955078125,21.4351806640625,625.8766479492188,771.1617431640625,145.28509521484375,0.14753874533629704
D_MTP_1,climatological.annual_sum_mean,Mean annual precipitation,16,Climatological,732.97802734375,714.0582275390625,18.9197998046875,625.8766479492188,771.1617431640625,145.28509521484375,0.13022533231443598
D_MT_1,climatological.annual_sum_mean,Mean annual precipitation,16,Climatological,422.00860595703125,327.7957763671875,94.21282958984375,625.8766479492188,771.1617431640625,145.28509521484375,0.6484686502116704
D_MTC_1,climatological.annual_sum_mean,Mean annual precipitation,16,Climatological,443.853515625,611.29541015625,167.44189453125,625.8766479492188,771.1617431640625,145.28509521484375,1.1525056598795724
C_10,climatological.annual_sum_std,Spatial SD of annual precipitation,17,Climatological,123.41931915283203,111.69678497314453,11.7225341796875,83.54216003417969,113.93865203857422,30.39649200439453,0.3856541793701961
V0_I_0,climatological.annual_sum_std,Spatial SD of annual precipitation,17,Climatological,108.52046203613281,95.02062225341797,13.499839782714844,83.54216003417969,113.93865203857422,30.39649200439453,0.44412492667782594
V0_T_1,climatological.annual_sum_std,Spatial SD of annual precipitation,17,Climatological,117.2903823852539,87.60845184326172,29.681930541992188,83.54216003417969,113.93865203857422,30.39649200439453,0.9764919760379245
D_MZIP_1,climatological.annual_sum_std,Spatial SD of annual precipitation,17,Climatological,106.98373413085938,108.74478149414062,1.76104736328125,83.54216003417969,113.93865203857422,30.39649200439453,0.05793587506830226
D_IP_1,climatological.annual_sum_std,Spatial SD of annual precipitation,17,Climatological,98.98711395263672,103.28067016601562,4.293556213378906,83.54216003417969,113.93865203857422,30.39649200439453,0.14125170143838214
D_MTP_1,climatological.annual_sum_std,Spatial SD of annual precipitation,17,Climatological,98.32405090332031,105.6337661743164,7.309715270996094,83.54216003417969,113.93865203857422,30.39649200439453,0.2404789101959299
D_MT_1,climatological.annual_sum_std,Spatial SD of annual precipitation,17,Climatological,44.99193572998047,43.67897033691406,1.3129653930664062,83.54216003417969,113.93865203857422,30.39649200439453,0.043194635515064896
D_MTC_1,climatological.annual_sum_std,Spatial SD of annual precipitation,17,Climatological,55.571353912353516,72.63123321533203,17.059879302978516,83.54216003417969,113.93865203857422,30.39649200439453,0.5612450048680653
C_10,temporal.lag1_gen,Lag-1 autocorrelation,18,Temporal,0.34870377645876377,0.35586301173404383,0.0071592352752800625,0.3486051083280471,0.36888709319340357,0.020281984865356484,0.352984943180226
V0_I_0,temporal.lag1_gen,Lag-1 autocorrelation,18,Temporal,0.3499538003348575,0.3492117350269596,0.0007420653078978878,0.3486051083280471,0.36888709319340357,0.020281984865356484,0.0365874105924122
V0_T_1,temporal.lag1_gen,Lag-1 autocorrelation,18,Temporal,0.34637253664956535,0.3394751190158027,0.00689741763376267,0.3486051083280471,0.36888709319340357,0.020281984865356484,0.34007606649702715
D_MZIP_1,temporal.lag1_gen,Lag-1 autocorrelation,18,Temporal,0.3589072656302087,0.3618932612672369,0.002985995637028227,0.3486051083280471,0.36888709319340357,0.020281984865356484,0.14722403437587536
D_IP_1,temporal.lag1_gen,Lag-1 autocorrelation,18,Temporal,0.3285966176936123,0.3613712828983635,0.0327746652047512,0.3486051083280471,0.36888709319340357,0.020281984865356484,1.615949593805948
D_MTP_1,temporal.lag1_gen,Lag-1 autocorrelation,18,Temporal,0.36297677486836427,0.37152395214947054,0.008547177281106266,0.3486051083280471,0.36888709319340357,0.020281984865356484,0.4214172004292164
D_MT_1,temporal.lag1_gen,Lag-1 autocorrelation,18,Temporal,0.05388416718796842,0.09967253042931712,0.0457883632413487,0.3486051083280471,0.36888709319340357,0.020281984865356484,2.2575878813300703
D_MTC_1,temporal.lag1_gen,Lag-1 autocorrelation,18,Temporal,0.11496354758609596,0.14303359097658372,0.028070043390487756,0.3486051083280471,0.36888709319340357,0.020281984865356484,1.3839889723236112
C_10,temporal.wet_mean_length_gen,Mean wet-spell length,19,Temporal,2.965068498836909,2.9538393385753174,0.011229160261591709,2.861802113660532,3.020843526302959,0.1590414126424271,0.07060525981895191
V0_I_0,temporal.wet_mean_length_gen,Mean wet-spell length,19,Temporal,2.9179552834586886,2.776232479675417,0.14172280378327162,2.861802113660532,3.020843526302959,0.1590414126424271,0.8911062938173662
V0_T_1,temporal.wet_mean_length_gen,Mean wet-spell length,19,Temporal,2.9881363114980823,2.8466144908094133,0.14152182068866903,2.861802113660532,3.020843526302959,0.1590414126424271,0.8898425783406025
D_MZIP_1,temporal.wet_mean_length_gen,Mean wet-spell length,19,Temporal,3.0334782953533974,3.228734374825595,0.1952560794721978,2.861802113660532,3.020843526302959,0.1590414126424271,1.2277058926230249
D_IP_1,temporal.wet_mean_length_gen,Mean wet-spell length,19,Temporal,2.896849609921863,2.9959534587162464,0.09910384879438361,2.861802113660532,3.020843526302959,0.1590414126424271,0.6231323474043761
D_MTP_1,temporal.wet_mean_length_gen,Mean wet-spell length,19,Temporal,3.0434996394870764,2.8669539157263992,0.17654572376067712,2.861802113660532,3.020843526302959,0.1590414126424271,1.1100613408006188
D_MT_1,temporal.wet_mean_length_gen,Mean wet-spell length,19,Temporal,1.5658352405392115,1.5247592126198368,0.0410760279193747,2.861802113660532,3.020843526302959,0.1590414126424271,0.25827252938029394
D_MTC_1,temporal.wet_mean_length_gen,Mean wet-spell length,19,Temporal,1.7877900859899047,2.195232679736438,0.40744259374653335,2.861802113660532,3.020843526302959,0.1590414126424271,2.5618647808579693
C_10,temporal.dry_mean_length_gen,Mean dry-spell length,20,Temporal,3.244564417996111,3.2357155902272092,0.008848827768901835,3.178275593729851,3.285429595322523,0.10715400159267219,0.08258046958002704
V0_I_0,temporal.dry_mean_length_gen,Mean dry-spell length,20,Temporal,3.2522434973726106,3.3641129376700674,0.11186944029745671,3.178275593729851,3.285429595322523,0.10715400159267219,1.0440061839473758
V0_T_1,temporal.dry_mean_length_gen,Mean dry-spell length,20,Temporal,3.2293357771678606,3.254299152601524,0.024963375433663337,3.178275593729851,3.285429595322523,0.10715400159267219,0.2329672719881931
D_MZIP_1,temporal.dry_mean_length_gen,Mean dry-spell length,20,Temporal,3.200212888816394,3.2480762409366375,0.04786335212024362,3.178275593729851,3.285429595322523,0.10715400159267219,0.4466781586205997
D_IP_1,temporal.dry_mean_length_gen,Mean dry-spell length,20,Temporal,3.302562146296105,3.2437338106081763,0.05882833568792867,3.178275593729851,3.285429595322523,0.10715400159267219,0.5490073614941104
D_MTP_1,temporal.dry_mean_length_gen,Mean dry-spell length,20,Temporal,3.262970549189673,3.280906859625553,0.017936310435879843,3.178275593729851,3.285429595322523,0.10715400159267219,0.16738815321206288
D_MT_1,temporal.dry_mean_length_gen,Mean dry-spell length,20,Temporal,3.4973916809965027,3.9564307612134435,0.45903908021694084,3.178275593729851,3.285429595322523,0.10715400159267219,4.2839191574188735
D_MTC_1,temporal.dry_mean_length_gen,Mean dry-spell length,20,Temporal,3.227624223088525,2.6344052979549155,0.5932189251336095,3.178275593729851,3.285429595322523,0.10715400159267219,5.536134127670107
