run_id,summary_run_id,run_label,configuration,seed,summary_path,probabilistic.crps_mean,scale.iss_primary,scale.slope_mid,scale.hr_slope_mid,extremes.p99_9,extremes.hr_p99_9,climatological.annual_sum_mean,climatological.hr_annual_sum_mean,climatological.annual_sum_std,climatological.hr_annual_sum_std
V0__HR_prcp_DANRA__SIZE_128x128__LR_prcp_ERA5__LOSS_sdfweighted__HEADS_4__TIMESTEPS_56,V0__HR_prcp_DANRA__SIZE_128x128__LR_prcp_ERA5__LOSS_sdfweighted__HEADS_4__TIMESTEPS_56,V0,V0,1,/Users/au728490/ceddar_runs/models_and_samples/evaluation/V0__HR_prcp_DANRA__SIZE_128x128__LR_prcp_ERA5__LOSS_sdfweighted__HEADS_4__TIMESTEPS_56/summary/evaluation_summary.json,0.885074,0.493738,-2.506285,-2.731742,32.818795,38.820392,771.1617431640625,877.1588134765625,113.93865203857422,146.65576171875
V0__seed2__HR_prcp_DANRA__SIZE_128x128__LR_prcp_ERA5__LOSS_sdfweighted__HEADS_4__TIMESTEPS_56,V0__seed2__HR_prcp_DANRA__SIZE_128x128__LR_prcp_ERA5__LOSS_sdfweighted__HEADS_4__TIMESTEPS_56,V0_seed2,V0,2,/Users/au728490/ceddar_runs/models_and_samples/evaluation/V0__seed2__HR_prcp_DANRA__SIZE_128x128__LR_prcp_ERA5__LOSS_sdfweighted__HEADS_4__TIMESTEPS_56/summary/evaluation_summary.json,0.954702,0.489007,-2.402674,-2.731742,32.462996,38.820392,660.6624145507812,877.1588134765625,94.06837463378906,146.65576171875
V0__seed3__HR_prcp_DANRA__SIZE_128x128__LR_prcp_ERA5__LOSS_sdfweighted__HEADS_4__TIMESTEPS_56,V0__seed3__HR_prcp_DANRA__SIZE_128x128__LR_prcp_ERA5__LOSS_sdfweighted__HEADS_4__TIMESTEPS_56,V0_seed3,V0,3,/Users/au728490/ceddar_runs/models_and_samples/evaluation/V0__seed3__HR_prcp_DANRA__SIZE_128x128__LR_prcp_ERA5__LOSS_sdfweighted__HEADS_4__TIMESTEPS_56/summary/evaluation_summary.json,0.984679,0.470184,-2.390394,-2.731742,34.790453,38.820392,625.8766479492188,877.1588134765625,83.54216003417969,146.65576171875
C_10__HR_prcp_DANRA__SIZE_128x128__LR_prcp_ERA5__LOSS_sdfweighted__HEADS_4__TIMESTEPS_56,C_10__HR_prcp_DANRA__SIZE_128x128__LR_prcp_ERA5__LOSS_sdfweighted__HEADS_4__TIMESTEPS_56,C_10,C_10,1,/Users/au728490/ceddar_runs/models_and_samples/evaluation/C_10__HR_prcp_DANRA__SIZE_128x128__LR_prcp_ERA5__LOSS_sdfweighted__HEADS_4__TIMESTEPS_56/summary/evaluation_summary.json,0.888114,0.467515,-2.397652,-2.731742,36.632552,38.820392,729.3935546875,877.1588134765625,123.41931915283203,146.65576171875
C_10__seed2__HR_prcp_DANRA__SIZE_128x128__LR_prcp_ERA5__LOSS_sdfweighted__HEADS_4__TIMESTEPS_56,C_10__seed2__HR_prcp_DANRA__SIZE_128x128__LR_prcp_ERA5__LOSS_sdfweighted__HEADS_4__TIMESTEPS_56,C_10_seed2,C_10,2,/Users/au728490/ceddar_runs/models_and_samples/evaluation/C_10__seed2__HR_prcp_DANRA__SIZE_128x128__LR_prcp_ERA5__LOSS_sdfweighted__HEADS_4__TIMESTEPS_56/summary/evaluation_summary.json,0.917511,0.487233,-2.325458,-2.731742,33.642471,38.820392,700.9620361328125,877.1588134765625,111.69678497314453,146.65576171875
V0_C_0__HR_prcp_DANRA__SIZE_128x128__LR_prcp_cape_ERA5__LOSS_sdfweighted__HEADS_4__TIMESTEPS_56,V0_C_0__HR_prcp_DANRA__SIZE_128x128__LR_prcp_cape_ERA5__LOSS_sdfweighted__HEADS_4__TIMESTEPS_56,V0_C_0,V0_C_0,1,/Users/au728490/ceddar_runs/models_and_samples/evaluation/V0_C_0__HR_prcp_DANRA__SIZE_128x128__LR_prcp_cape_ERA5__LOSS_sdfweighted__HEADS_4__TIMESTEPS_56/summary/evaluation_summary.json,0.989702,0.472693,-2.451983,-2.731742,30.448079,38.820392,613.0679321289062,877.1588134765625,93.0483627319336,146.65576171875
V0_C_0__seed2__HR_prcp_DANRA__SIZE_128x128__LR_prcp_cape_ERA5__LOSS_sdfweighted__HEADS_4__TIMESTEPS_56,V0_C_0__seed2__HR_prcp_DANRA__SIZE_128x128__LR_prcp_cape_ERA5__LOSS_sdfweighted__HEADS_4__TIMESTEPS_56,V0_C_0_seed2,V0_C_0,2,/Users/au728490/ceddar_runs/models_and_samples/evaluation/V0_C_0__seed2__HR_prcp_DANRA__SIZE_128x128__LR_prcp_cape_ERA5__LOSS_sdfweighted__HEADS_4__TIMESTEPS_56/summary/evaluation_summary.json,0.942301,0.469415,-2.3074,-2.731742,35.855295,38.820392,683.1214599609375,877.1588134765625,108.42010498046875,146.65576171875
V0_C_1__HR_prcp_DANRA__SIZE_128x128__LR_prcp_cape_ERA5__LOSS_sdfweighted__HEADS_4__TIMESTEPS_56,V0_C_1__HR_prcp_DANRA__SIZE_128x128__LR_prcp_cape_ERA5__LOSS_sdfweighted__HEADS_4__TIMESTEPS_56,V0_C_1,V0_C_1,1,/Users/au728490/ceddar_runs/models_and_samples/evaluation/V0_C_1__HR_prcp_DANRA__SIZE_128x128__LR_prcp_cape_ERA5__LOSS_sdfweighted__HEADS_4__TIMESTEPS_56/summary/evaluation_summary.json,0.885805,0.479313,-2.519633,-2.731742,31.979129,38.820392,728.720458984375,877.1588134765625,101.92577362060547,146.65576171875
V0_C_1__seed2__HR_prcp_DANRA__SIZE_128x128__LR_prcp_cape_ERA5__LOSS_sdfweighted__HEADS_4__TIMESTEPS_56,V0_C_1__seed2__HR_prcp_DANRA__SIZE_128x128__LR_prcp_cape_ERA5__LOSS_sdfweighted__HEADS_4__TIMESTEPS_56,V0_C_1_seed2,V0_C_1,2,/Users/au728490/ceddar_runs/models_and_samples/evaluation/V0_C_1__seed2__HR_prcp_DANRA__SIZE_128x128__LR_prcp_cape_ERA5__LOSS_sdfweighted__HEADS_4__TIMESTEPS_56/summary/evaluation_summary.json,0.89813,0.484643,-2.249517,-2.731742,40.13751,38.820392,740.943115234375,877.1588134765625,103.57221984863281,146.65576171875
V0_I_0__HR_prcp_DANRA__SIZE_128x128__LR_prcp_ewvf_nwvf_ERA5__LOSS_sdfweighted__HEADS_4__TIMESTEPS_56,V0_I_0__HR_prcp_DANRA__SIZE_128x128__LR_prcp_ewvf_nwvf_ERA5__LOSS_sdfweighted__HEADS_4__TIMESTEPS_56,V0_I_0,V0_I_0,1,/Users/au728490/ceddar_runs/models_and_samples/evaluation/V0_I_0__HR_prcp_DANRA__SIZE_128x128__LR_prcp_ewvf_nwvf_ERA5__LOSS_sdfweighted__HEADS_4__TIMESTEPS_56/summary/evaluation_summary.json,0.891277,0.485777,-2.539683,-2.731742,30.889881,38.820392,704.247802734375,877.1588134765625,108.52046203613281,146.65576171875
V0_I_0__seed2__HR_prcp_DANRA__SIZE_128x128__LR_prcp_ewvf_nwvf_ERA5__LOSS_sdfweighted__HEADS_4__TIMESTEPS_56,V0_I_0__seed2__HR_prcp_DANRA__SIZE_128x128__LR_prcp_ewvf_nwvf_ERA5__LOSS_sdfweighted__HEADS_4__TIMESTEPS_56,V0_I_0_seed2,V0_I_0,2,/Users/au728490/ceddar_runs/models_and_samples/evaluation/V0_I_0__seed2__HR_prcp_DANRA__SIZE_128x128__LR_prcp_ewvf_nwvf_ERA5__LOSS_sdfweighted__HEADS_4__TIMESTEPS_56/summary/evaluation_summary.json,0.949425,0.480187,-2.42461,-2.731742,31.093652,38.820392,636.4241943359375,877.1588134765625,95.02062225341797,146.65576171875
V0_I_1__HR_prcp_DANRA__SIZE_128x128__LR_prcp_ewvf_nwvf_ERA5__LOSS_sdfweighted__HEADS_4__TIMESTEPS_56,V0_I_1__HR_prcp_DANRA__SIZE_128x128__LR_prcp_ewvf_nwvf_ERA5__LOSS_sdfweighted__HEADS_4__TIMESTEPS_56,V0_I_1,V0_I_1,1,/Users/au728490/ceddar_runs/models_and_samples/evaluation/V0_I_1__HR_prcp_DANRA__SIZE_128x128__LR_prcp_ewvf_nwvf_ERA5__LOSS_sdfweighted__HEADS_4__TIMESTEPS_56/summary/evaluation_summary.json,1.045367,0.4545,-2.112303,-2.731742,40.028364,38.820392,610.1207275390625,877.1588134765625,84.48809814453125,146.65576171875
V0_I_1__seed2__HR_prcp_DANRA__SIZE_128x128__LR_prcp_ewvf_nwvf_ERA5__LOSS_sdfweighted__HEADS_4__TIMESTEPS_56,V0_I_1__seed2__HR_prcp_DANRA__SIZE_128x128__LR_prcp_ewvf_nwvf_ERA5__LOSS_sdfweighted__HEADS_4__TIMESTEPS_56,V0_I_1_seed2,V0_I_1,2,/Users/au728490/ceddar_runs/models_and_samples/evaluation/V0_I_1__seed2__HR_prcp_DANRA__SIZE_128x128__LR_prcp_ewvf_nwvf_ERA5__LOSS_sdfweighted__HEADS_4__TIMESTEPS_56/summary/evaluation_summary.json,0.93017,0.481095,-2.366721,-2.731742,35.23166,38.820392,674.0238037109375,877.1588134765625,106.30303192138672,146.65576171875
V0_M_0__HR_prcp_DANRA__SIZE_128x128__LR_prcp_msl_ERA5__LOSS_sdfweighted__HEADS_4__TIMESTEPS_56,V0_M_0__HR_prcp_DANRA__SIZE_128x128__LR_prcp_msl_ERA5__LOSS_sdfweighted__HEADS_4__TIMESTEPS_56,V0_M_0,V0_M_0,1,/Users/au728490/ceddar_runs/models_and_samples/evaluation/V0_M_0__HR_prcp_DANRA__SIZE_128x128__LR_prcp_msl_ERA5__LOSS_sdfweighted__HEADS_4__TIMESTEPS_56/summary/evaluation_summary.json,0.946749,0.482172,-2.315432,-2.731742,36.298675,38.820392,655.0636596679688,877.1588134765625,100.1398696899414,146.65576171875
V0_M_0__seed2__HR_prcp_DANRA__SIZE_128x128__LR_prcp_msl_ERA5__LOSS_sdfweighted__HEADS_4__TIMESTEPS_56,V0_M_0__seed2__HR_prcp_DANRA__SIZE_128x128__LR_prcp_msl_ERA5__LOSS_sdfweighted__HEADS_4__TIMESTEPS_56,V0_M_0_seed2,V0_M_0,2,/Users/au728490/ceddar_runs/models_and_samples/evaluation/V0_M_0__seed2__HR_prcp_DANRA__SIZE_128x128__LR_prcp_msl_ERA5__LOSS_sdfweighted__HEADS_4__TIMESTEPS_56/summary/evaluation_summary.json,0.877256,0.490841,-2.549379,-2.731742,33.332467,38.820392,727.6119384765625,877.1588134765625,131.59461975097656,146.65576171875
V0_M_1__HR_prcp_DANRA__SIZE_128x128__LR_prcp_msl_ERA5__LOSS_sdfweighted__HEADS_4__TIMESTEPS_56,V0_M_1__HR_prcp_DANRA__SIZE_128x128__LR_prcp_msl_ERA5__LOSS_sdfweighted__HEADS_4__TIMESTEPS_56,V0_M_1,V0_M_1,1,/Users/au728490/ceddar_runs/models_and_samples/evaluation/V0_M_1__HR_prcp_DANRA__SIZE_128x128__LR_prcp_msl_ERA5__LOSS_sdfweighted__HEADS_4__TIMESTEPS_56/summary/evaluation_summary.json,0.986981,0.483106,-2.37498,-2.731742,35.694104,38.820392,641.7977294921875,877.1588134765625,84.45860290527344,146.65576171875
V0_M_1__seed2__HR_prcp_DANRA__SIZE_128x128__LR_prcp_msl_ERA5__LOSS_sdfweighted__HEADS_4__TIMESTEPS_56,V0_M_1__seed2__HR_prcp_DANRA__SIZE_128x128__LR_prcp_msl_ERA5__LOSS_sdfweighted__HEADS_4__TIMESTEPS_56,V0_M_1_seed2,V0_M_1,2,/Users/au728490/ceddar_runs/models_and_samples/evaluation/V0_M_1__seed2__HR_prcp_DANRA__SIZE_128x128__LR_prcp_msl_ERA5__LOSS_sdfweighted__HEADS_4__TIMESTEPS_56/summary/evaluation_summary.json,0.876611,0.495633,-2.36946,-2.731742,37.61021,38.820392,743.231201171875,877.1588134765625,114.73743438720703,146.65576171875
V0_T_0__HR_prcp_DANRA__SIZE_128x128__LR_prcp_thetae_pl_850_ERA5__LOSS_sdfweighted__HEADS_4__TIMESTEPS_56,V0_T_0__HR_prcp_DANRA__SIZE_128x128__LR_prcp_thetae_pl_850_ERA5__LOSS_sdfweighted__HEADS_4__TIMESTEPS_56,V0_T_0,V0_T_0,1,/Users/au728490/ceddar_runs/models_and_samples/evaluation/V0_T_0__HR_prcp_DANRA__SIZE_128x128__LR_prcp_thetae_pl_850_ERA5__LOSS_sdfweighted__HEADS_4__TIMESTEPS_56/summary/evaluation_summary.json,0.960244,0.471949,-2.498908,-2.731742,33.946271,38.820392,656.5264282226562,877.1588134765625,99.39704132080078,146.65576171875
V0_T_0__seed2__HR_prcp_DANRA__SIZE_128x128__LR_prcp_thetae_pl_850_ERA5__LOSS_sdfweighted__HEADS_4__TIMESTEPS_56,V0_T_0__seed2__HR_prcp_DANRA__SIZE_128x128__LR_prcp_thetae_pl_850_ERA5__LOSS_sdfweighted__HEADS_4__TIMESTEPS_56,V0_T_0_seed2,V0_T_0,2,/Users/au728490/ceddar_runs/models_and_samples/evaluation/V0_T_0__seed2__HR_prcp_DANRA__SIZE_128x128__LR_prcp_thetae_pl_850_ERA5__LOSS_sdfweighted__HEADS_4__TIMESTEPS_56/summary/evaluation_summary.json,0.89841,0.470669,-2.331409,-2.731742,37.728901,38.820392,764.5823974609375,877.1588134765625,124.3858642578125,146.65576171875
V0_T_1__HR_prcp_DANRA__SIZE_128x128__LR_prcp_thetae_pl_850_ERA5__LOSS_sdfweighted__HEADS_4__TIMESTEPS_56,V0_T_1__HR_prcp_DANRA__SIZE_128x128__LR_prcp_thetae_pl_850_ERA5__LOSS_sdfweighted__HEADS_4__TIMESTEPS_56,V0_T_1,V0_T_1,1,/Users/au728490/ceddar_runs/models_and_samples/evaluation/V0_T_1__HR_prcp_DANRA__SIZE_128x128__LR_prcp_thetae_pl_850_ERA5__LOSS_sdfweighted__HEADS_4__TIMESTEPS_56/summary/evaluation_summary.json,0.870516,0.479725,-2.423153,-2.731742,37.782462,38.820392,782.7293701171875,877.1588134765625,117.2903823852539,146.65576171875
V0_T_1__seed2__HR_prcp_DANRA__SIZE_128x128__LR_prcp_thetae_pl_850_ERA5__LOSS_sdfweighted__HEADS_4__TIMESTEPS_56,V0_T_1__seed2__HR_prcp_DANRA__SIZE_128x128__LR_prcp_thetae_pl_850_ERA5__LOSS_sdfweighted__HEADS_4__TIMESTEPS_56,V0_T_1_seed2,V0_T_1,2,/Users/au728490/ceddar_runs/models_and_samples/evaluation/V0_T_1__seed2__HR_prcp_DANRA__SIZE_128x128__LR_prcp_thetae_pl_850_ERA5__LOSS_sdfweighted__HEADS_4__TIMESTEPS_56/summary/evaluation_summary.json,0.93404,0.489717,-2.479673,-2.731742,30.446239,38.820392,670.7808837890625,877.1588134765625,87.60845184326172,146.65576171875
V0_Z_0__HR_prcp_DANRA__SIZE_128x128__LR_prcp_z_pl_500_ERA5__LOSS_sdfweighted__HEADS_4__TIMESTEPS_56,V0_Z_0__HR_prcp_DANRA__SIZE_128x128__LR_prcp_z_pl_500_ERA5__LOSS_sdfweighted__HEADS_4__TIMESTEPS_56,V0_Z_0,V0_Z_0,1,/Users/au728490/ceddar_runs/models_and_samples/evaluation/V0_Z_0__HR_prcp_DANRA__SIZE_128x128__LR_prcp_z_pl_500_ERA5__LOSS_sdfweighted__HEADS_4__TIMESTEPS_56/summary/evaluation_summary.json,0.898814,0.480159,-2.388122,-2.731742,36.873016,38.820392,740.5557861328125,877.1588134765625,109.8171615600586,146.65576171875
V0_Z_0__seed2__HR_prcp_DANRA__SIZE_128x128__LR_prcp_z_pl_500_ERA5__LOSS_sdfweighted__HEADS_4__TIMESTEPS_56,V0_Z_0__seed2__HR_prcp_DANRA__SIZE_128x128__LR_prcp_z_pl_500_ERA5__LOSS_sdfweighted__HEADS_4__TIMESTEPS_56,V0_Z_0_seed2,V0_Z_0,2,/Users/au728490/ceddar_runs/models_and_samples/evaluation/V0_Z_0__seed2__HR_prcp_DANRA__SIZE_128x128__LR_prcp_z_pl_500_ERA5__LOSS_sdfweighted__HEADS_4__TIMESTEPS_56/summary/evaluation_summary.json,0.912702,0.489231,-2.419855,-2.731742,31.985233,38.820392,681.2635498046875,877.1588134765625,112.69337463378906,146.65576171875
V0_Z_1__HR_prcp_DANRA__SIZE_128x128__LR_prcp_z_pl_500_ERA5__LOSS_sdfweighted__HEADS_4__TIMESTEPS_56,V0_Z_1__HR_prcp_DANRA__SIZE_128x128__LR_prcp_z_pl_500_ERA5__LOSS_sdfweighted__HEADS_4__TIMESTEPS_56,V0_Z_1,V0_Z_1,1,/Users/au728490/ceddar_runs/models_and_samples/evaluation/V0_Z_1__HR_prcp_DANRA__SIZE_128x128__LR_prcp_z_pl_500_ERA5__LOSS_sdfweighted__HEADS_4__TIMESTEPS_56/summary/evaluation_summary.json,0.900433,0.489538,-2.391574,-2.731742,32.594745,38.820392,708.016357421875,877.1588134765625,104.74549865722656,146.65576171875
V0_Z_1__seed2__HR_prcp_DANRA__SIZE_128x128__LR_prcp_z_pl_500_ERA5__LOSS_sdfweighted__HEADS_4__TIMESTEPS_56,V0_Z_1__seed2__HR_prcp_DANRA__SIZE_128x128__LR_prcp_z_pl_500_ERA5__LOSS_sdfweighted__HEADS_4__TIMESTEPS_56,V0_Z_1_seed2,V0_Z_1,2,/Users/au728490/ceddar_runs/models_and_samples/evaluation/V0_Z_1__seed2__HR_prcp_DANRA__SIZE_128x128__LR_prcp_z_pl_500_ERA5__LOSS_sdfweighted__HEADS_4__TIMESTEPS_56/summary/evaluation_summary.json,0.899673,0.489596,-2.35889,-2.731742,36.439422,38.820392,732.45556640625,877.1588134765625,112.01310729980469,146.65576171875
D_IP_1__HR_prcp_DANRA__SIZE_128x128__LR_prcp_ewvf_nwvf_ERA5__LOSS_sdfweighted__HEADS_4__TIMESTEPS_56,D_IP_1__HR_prcp_DANRA__SIZE_128x128__LR_prcp_ewvf_nwvf_ERA5__LOSS_sdfweighted__HEADS_4__TIMESTEPS_56,D_IP_1,D_IP_1,1,/Users/au728490/ceddar_runs/models_and_samples/evaluation/D_IP_1__HR_prcp_DANRA__SIZE_128x128__LR_prcp_ewvf_nwvf_ERA5__LOSS_sdfweighted__HEADS_4__TIMESTEPS_56/summary/evaluation_summary.json,0.920705,0.479684,-2.297294,-2.731742,37.734157,38.820392,699.3543701171875,877.1588134765625,98.98711395263672,146.65576171875
D_IP_1__seed2__HR_prcp_DANRA__SIZE_128x128__LR_prcp_ewvf_nwvf_ERA5__LOSS_sdfweighted__HEADS_4__TIMESTEPS_56,D_IP_1__seed2__HR_prcp_DANRA__SIZE_128x128__LR_prcp_ewvf_nwvf_ERA5__LOSS_sdfweighted__HEADS_4__TIMESTEPS_56,D_IP_1_seed2,D_IP_1,2,/Users/au728490/ceddar_runs/models_and_samples/evaluation/D_IP_1__seed2__HR_prcp_DANRA__SIZE_128x128__LR_prcp_ewvf_nwvf_ERA5__LOSS_sdfweighted__HEADS_4__TIMESTEPS_56/summary/evaluation_summary.json,0.894841,0.493727,-2.280266,-2.731742,33.817054,38.820392,720.78955078125,877.1588134765625,103.28067016601562,146.65576171875
D_MZP_1__HR_prcp_DANRA__SIZE_128x128__LR_prcp_msl_z_pl_500_ERA5__LOSS_sdfweighted__HEADS_4__TIMESTEPS_56,D_MZP_1__HR_prcp_DANRA__SIZE_128x128__LR_prcp_msl_z_pl_500_ERA5__LOSS_sdfweighted__HEADS_4__TIMESTEPS_56,D_MZP_1,D_MZP_1,1,/Users/au728490/ceddar_runs/models_and_samples/evaluation/D_MZP_1__HR_prcp_DANRA__SIZE_128x128__LR_prcp_msl_z_pl_500_ERA5__LOSS_sdfweighted__HEADS_4__TIMESTEPS_56/summary/evaluation_summary.json,1.025877,0.461958,-2.32401,-2.731742,39.255622,38.820392,622.28173828125,877.1588134765625,111.5560073852539,146.65576171875
D_MZP_1__seed2__HR_prcp_DANRA__SIZE_128x128__LR_prcp_msl_z_pl_500_ERA5__LOSS_sdfweighted__HEADS_4__TIMESTEPS_56,D_MZP_1__seed2__HR_prcp_DANRA__SIZE_128x128__LR_prcp_msl_z_pl_500_ERA5__LOSS_sdfweighted__HEADS_4__TIMESTEPS_56,D_MZP_1_seed2,D_MZP_1,2,/Users/au728490/ceddar_runs/models_and_samples/evaluation/D_MZP_1__seed2__HR_prcp_DANRA__SIZE_128x128__LR_prcp_msl_z_pl_500_ERA5__LOSS_sdfweighted__HEADS_4__TIMESTEPS_56/summary/evaluation_summary.json,0.896224,0.487232,-2.399948,-2.731742,36.067054,38.820392,742.3631591796875,877.1588134765625,95.37374877929688,146.65576171875
D_MTP_0__HR_prcp_DANRA__SIZE_128x128__LR_prcp_msl_thetae_pl_850_ERA5__LOSS_sdfweighted__HEADS_4__TIMESTEPS_56,D_MTP_0__HR_prcp_DANRA__SIZE_128x128__LR_prcp_msl_thetae_pl_850_ERA5__LOSS_sdfweighted__HEADS_4__TIMESTEPS_56,D_MTP_0,D_MTP_0,1,/Users/au728490/ceddar_runs/models_and_samples/evaluation/D_MTP_0__HR_prcp_DANRA__SIZE_128x128__LR_prcp_msl_thetae_pl_850_ERA5__LOSS_sdfweighted__HEADS_4__TIMESTEPS_56/summary/evaluation_summary.json,0.964238,0.478374,-2.352027,-2.731742,31.402018,38.820392,647.5877685546875,877.1588134765625,90.93913269042969,146.65576171875
D_MTP_0__seed2__HR_prcp_DANRA__SIZE_128x128__LR_prcp_msl_thetae_pl_850_ERA5__LOSS_sdfweighted__HEADS_4__TIMESTEPS_56,D_MTP_0__seed2__HR_prcp_DANRA__SIZE_128x128__LR_prcp_msl_thetae_pl_850_ERA5__LOSS_sdfweighted__HEADS_4__TIMESTEPS_56,D_MTP_0_seed2,D_MTP_0,2,/Users/au728490/ceddar_runs/models_and_samples/evaluation/D_MTP_0__seed2__HR_prcp_DANRA__SIZE_128x128__LR_prcp_msl_thetae_pl_850_ERA5__LOSS_sdfweighted__HEADS_4__TIMESTEPS_56/summary/evaluation_summary.json,0.903149,0.498276,-2.392418,-2.731742,37.34842,38.820392,726.2449340820312,877.1588134765625,115.20073699951172,146.65576171875
D_MTP_1__HR_prcp_DANRA__SIZE_128x128__LR_prcp_msl_thetae_pl_850_ERA5__LOSS_sdfweighted__HEADS_4__TIMESTEPS_56,D_MTP_1__HR_prcp_DANRA__SIZE_128x128__LR_prcp_msl_thetae_pl_850_ERA5__LOSS_sdfweighted__HEADS_4__TIMESTEPS_56,D_MTP_1,D_MTP_1,1,/Users/au728490/ceddar_runs/models_and_samples/evaluation/D_MTP_1__HR_prcp_DANRA__SIZE_128x128__LR_prcp_msl_thetae_pl_850_ERA5__LOSS_sdfweighted__HEADS_4__TIMESTEPS_56/summary/evaluation_summary.json,0.921863,0.483254,-2.302775,-2.731742,40.795814,38.820392,732.97802734375,877.1588134765625,98.32405090332031,146.65576171875
D_MTP_1__seed2__HR_prcp_DANRA__SIZE_128x128__LR_prcp_msl_thetae_pl_850_ERA5__LOSS_sdfweighted__HEADS_4__TIMESTEPS_56,D_MTP_1__seed2__HR_prcp_DANRA__SIZE_128x128__LR_prcp_msl_thetae_pl_850_ERA5__LOSS_sdfweighted__HEADS_4__TIMESTEPS_56,D_MTP_1_seed2,D_MTP_1,2,/Users/au728490/ceddar_runs/models_and_samples/evaluation/D_MTP_1__seed2__HR_prcp_DANRA__SIZE_128x128__LR_prcp_msl_thetae_pl_850_ERA5__LOSS_sdfweighted__HEADS_4__TIMESTEPS_56/summary/evaluation_summary.json,0.906127,0.495381,-2.388703,-2.731742,36.529149,38.820392,714.0582275390625,877.1588134765625,105.6337661743164,146.65576171875
D_MTCP_1__HR_prcp_DANRA__SIZE_128x128__LR_prcp_msl_thetae_pl_850_cape_ERA5__LOSS_sdfweighted__HEADS_4__TIMESTEPS_56,D_MTCP_1__HR_prcp_DANRA__SIZE_128x128__LR_prcp_msl_thetae_pl_850_cape_ERA5__LOSS_sdfweighted__HEADS_4__TIMESTEPS_56,D_MTCP_1,D_MTCP_1,1,/Users/au728490/ceddar_runs/models_and_samples/evaluation/D_MTCP_1__HR_prcp_DANRA__SIZE_128x128__LR_prcp_msl_thetae_pl_850_cape_ERA5__LOSS_sdfweighted__HEADS_4__TIMESTEPS_56/summary/evaluation_summary.json,0.93955,0.480101,-2.422998,-2.731742,33.506688,38.820392,705.4969482421875,877.1588134765625,94.68831634521484,146.65576171875
D_MTCP_1__seed2__HR_prcp_DANRA__SIZE_128x128__LR_prcp_msl_thetae_pl_850_cape_ERA5__LOSS_sdfweighted__HEADS_4__TIMESTEPS_56,D_MTCP_1__seed2__HR_prcp_DANRA__SIZE_128x128__LR_prcp_msl_thetae_pl_850_cape_ERA5__LOSS_sdfweighted__HEADS_4__TIMESTEPS_56,D_MTCP_1_seed2,D_MTCP_1,2,/Users/au728490/ceddar_runs/models_and_samples/evaluation/D_MTCP_1__seed2__HR_prcp_DANRA__SIZE_128x128__LR_prcp_msl_thetae_pl_850_cape_ERA5__LOSS_sdfweighted__HEADS_4__TIMESTEPS_56/summary/evaluation_summary.json,0.951089,0.46799,-2.419159,-2.731742,31.199161,38.820392,667.4473876953125,877.1588134765625,99.92556762695312,146.65576171875
D_MZIP_1__HR_prcp_DANRA__SIZE_128x128__LR_prcp_msl_z_pl_500_ewvf_nwvf_ERA5__LOSS_sdfweighted__HEADS_4__TIMESTEPS_56,D_MZIP_1__HR_prcp_DANRA__SIZE_128x128__LR_prcp_msl_z_pl_500_ewvf_nwvf_ERA5__LOSS_sdfweighted__HEADS_4__TIMESTEPS_56,D_MZIP_1,D_MZIP_1,1,/Users/au728490/ceddar_runs/models_and_samples/evaluation/D_MZIP_1__HR_prcp_DANRA__SIZE_128x128__LR_prcp_msl_z_pl_500_ewvf_nwvf_ERA5__LOSS_sdfweighted__HEADS_4__TIMESTEPS_56/summary/evaluation_summary.json,0.889042,0.476036,-2.499628,-2.731742,31.382185,38.820392,737.80419921875,877.1588134765625,106.98373413085938,146.65576171875
D_MZIP_1__seed2__HR_prcp_DANRA__SIZE_128x128__LR_prcp_msl_z_pl_500_ewvf_nwvf_ERA5__LOSS_sdfweighted__HEADS_4__TIMESTEPS_56,D_MZIP_1__seed2__HR_prcp_DANRA__SIZE_128x128__LR_prcp_msl_z_pl_500_ewvf_nwvf_ERA5__LOSS_sdfweighted__HEADS_4__TIMESTEPS_56,D_MZIP_1_seed2,D_MZIP_1,2,/Users/au728490/ceddar_runs/models_and_samples/evaluation/D_MZIP_1__seed2__HR_prcp_DANRA__SIZE_128x128__LR_prcp_msl_z_pl_500_ewvf_nwvf_ERA5__LOSS_sdfweighted__HEADS_4__TIMESTEPS_56/summary/evaluation_summary.json,0.925265,0.466733,-2.505777,-2.731742,43.72443,38.820392,749.27001953125,877.1588134765625,108.74478149414062,146.65576171875
D_MT_1__HR_prcp_DANRA__SIZE_128x128__LR_msl_thetae_pl_850_ERA5__LOSS_sdfweighted__HEADS_4__TIMESTEPS_56,D_MT_1__HR_prcp_DANRA__SIZE_128x128__LR_msl_thetae_pl_850_ERA5__LOSS_sdfweighted__HEADS_4__TIMESTEPS_56,D_MT_1,D_MT_1,1,/Users/au728490/ceddar_runs/models_and_samples/evaluation/D_MT_1__HR_prcp_DANRA__SIZE_128x128__LR_msl_thetae_pl_850_ERA5__LOSS_sdfweighted__HEADS_4__TIMESTEPS_56/summary/evaluation_summary.json,1.770419,0.177438,-2.459229,-2.731742,28.448523,38.820392,422.00860595703125,877.1588134765625,44.99193572998047,146.65576171875
D_MT_1__seed2__HR_prcp_DANRA__SIZE_128x128__LR_msl_thetae_pl_850_ERA5__LOSS_sdfweighted__HEADS_4__TIMESTEPS_56,D_MT_1__seed2__HR_prcp_DANRA__SIZE_128x128__LR_msl_thetae_pl_850_ERA5__LOSS_sdfweighted__HEADS_4__TIMESTEPS_56,D_MT_1_seed2,D_MT_1,2,/Users/au728490/ceddar_runs/models_and_samples/evaluation/D_MT_1__seed2__HR_prcp_DANRA__SIZE_128x128__LR_msl_thetae_pl_850_ERA5__LOSS_sdfweighted__HEADS_4__TIMESTEPS_56/summary/evaluation_summary.json,1.825387,0.199753,-2.312534,-2.731742,26.440787,38.820392,327.7957763671875,877.1588134765625,43.67897033691406,146.65576171875
D_MTC_1__HR_prcp_DANRA__SIZE_128x128__LR_msl_thetae_pl_850_cape_ERA5__LOSS_sdfweighted__HEADS_4__TIMESTEPS_56,D_MTC_1__HR_prcp_DANRA__SIZE_128x128__LR_msl_thetae_pl_850_cape_ERA5__LOSS_sdfweighted__HEADS_4__TIMESTEPS_56,D_MTC_1,D_MTC_1,1,/Users/au728490/ceddar_runs/models_and_samples/evaluation/D_MTC_1__HR_prcp_DANRA__SIZE_128x128__LR_msl_thetae_pl_850_cape_ERA5__LOSS_sdfweighted__HEADS_4__TIMESTEPS_56/summary/evaluation_summary.json,1.682172,0.228055,-2.192445,-2.731742,32.416836,38.820392,443.853515625,877.1588134765625,55.571353912353516,146.65576171875
D_MTC_1__seed2__HR_prcp_DANRA__SIZE_128x128__LR_msl_thetae_pl_850_cape_ERA5__LOSS_sdfweighted__HEADS_4__TIMESTEPS_56,D_MTC_1__seed2__HR_prcp_DANRA__SIZE_128x128__LR_msl_thetae_pl_850_cape_ERA5__LOSS_sdfweighted__HEADS_4__TIMESTEPS_56,D_MTC_1_seed2,D_MTC_1,2,/Users/au728490/ceddar_runs/models_and_samples/evaluation/D_MTC_1__seed2__HR_prcp_DANRA__SIZE_128x128__LR_msl_thetae_pl_850_cape_ERA5__LOSS_sdfweighted__HEADS_4__TIMESTEPS_56/summary/evaluation_summary.json,1.562658,0.215718,-2.482662,-2.731742,33.103337,38.820392,611.29541015625,877.1588134765625,72.63123321533203,146.65576171875
